,action,step,s_X0,s_X1,s_X2,s_X3,s_X4
0,-,0,0,0,0,0,0
1,REST_X0,1,2,0,0,0,0
2,[X0_X1_GET_req],2,3,1,0,0,0
3,REST_X1,3,3,2,0,0,0
4,REST_X1,4,3,5,0,0,0
5,[X1_X4_GET_req],5,3,6,0,0,1
6,REST_X4,6,3,6,0,0,2
7,REST_X4,7,3,6,0,0,11
8,[X4_X3_GET_req],8,3,6,0,1,12
9,REST_X3,9,3,6,0,2,12
10,REST_X3,10,3,6,0,3,12
11,[X4_X3_GET_resp_2xx],11,3,6,0,0,3
12,[X1_X4_GET_resp_2xx],12,3,3,0,0,0
13,[X0_X1_GET_resp_2xx],13,0,0,0,0,0
14,REST_X0,14,2,0,0,0,0
15,[X0_X1_GET_req],15,3,1,0,0,0
16,REST_X1,16,3,2,0,0,0
17,REST_X1,17,3,5,0,0,0
18,[X1_X4_GET_req],18,3,6,0,0,1
19,REST_X4,19,3,6,0,0,2
20,REST_X4,20,3,6,0,0,11
21,[X4_X3_GET_req],21,3,6,0,1,12
22,REST_X3,22,3,6,0,2,12
23,REST_X3,23,3,6,0,3,12
24,[X4_X3_GET_resp_2xx],24,3,6,0,0,3
25,[X1_X4_GET_resp_2xx],25,3,3,0,0,0
26,[X0_X1_GET_resp_2xx],26,0,0,0,0,0
27,REST_X0,27,2,0,0,0,0
28,[X0_X1_GET_req],28,3,1,0,0,0
29,REST_X1,29,3,2,0,0,0
30,REST_X1,30,3,5,0,0,0
31,[X1_X4_GET_req],31,3,6,0,0,1
32,REST_X4,32,3,6,0,0,2
33,REST_X4,33,3,6,0,0,11
34,[X4_X3_GET_req],34,3,6,0,1,12
35,REST_X3,35,3,6,0,2,12
36,REST_X3,36,3,6,0,3,12
37,[X4_X3_GET_resp_2xx],37,3,6,0,0,3
38,[X1_X4_GET_resp_2xx],38,3,3,0,0,0
39,[X0_X1_GET_resp_2xx],39,0,0,0,0,0
40,REST_X0,40,2,0,0,0,0
41,[X0_X1_GET_req],41,3,1,0,0,0
42,REST_X1,42,3,2,0,0,0
43,REST_X1,43,3,5,0,0,0
44,[X1_X4_GET_req],44,3,6,0,0,1
45,REST_X4,45,3,6,0,0,2
46,REST_X4,46,3,6,0,0,11
47,[X4_X3_GET_req],47,3,6,0,1,12
48,REST_X3,48,3,6,0,2,12
49,REST_X3,49,3,6,0,3,12
50,[X4_X3_GET_resp_2xx],50,3,6,0,0,3
51,[X1_X4_GET_resp_2xx],51,3,3,0,0,0
52,[X0_X1_GET_resp_2xx],52,0,0,0,0,0
53,REST_X0,53,2,0,0,0,0
54,[X0_X1_GET_req],54,3,1,0,0,0
55,REST_X1,55,3,2,0,0,0
56,REST_X1,56,3,5,0,0,0
57,[X1_X4_GET_req],57,3,6,0,0,1
58,REST_X4,58,3,6,0,0,2
59,REST_X4,59,3,6,0,0,5
60,[X4_X2_GET_req],60,3,6,1,0,6
61,REST_X2,61,3,6,2,0,6
62,REST_X2,62,3,6,3,0,6
63,[X4_X2_GET_resp_2xx],63,3,6,0,0,3
64,[X1_X4_GET_resp_2xx],64,3,3,0,0,0
65,[X0_X1_GET_resp_2xx],65,0,0,0,0,0
66,REST_X0,66,2,0,0,0,0
67,[X0_X1_GET_req],67,3,1,0,0,0
68,REST_X1,68,3,2,0,0,0
69,REST_X1,69,3,5,0,0,0
70,[X1_X4_GET_req],70,3,6,0,0,1
71,REST_X4,71,3,6,0,0,2
72,REST_X4,72,3,6,0,0,5
73,[X4_X2_GET_req],73,3,6,1,0,6
74,REST_X2,74,3,6,2,0,6
75,REST_X2,75,3,6,4,0,6
76,[X4_X2_GET_resp_5xx],76,3,6,0,0,7
77,[X4_X2_GET_req],77,3,6,1,0,8
78,REST_X2,78,3,6,2,0,8
79,REST_X2,79,3,6,3,0,8
80,[X4_X2_GET_resp_2xx],80,3,6,0,0,3
81,[X1_X4_GET_resp_2xx],81,3,3,0,0,0
82,[X0_X1_GET_resp_2xx],82,0,0,0,0,0
83,REST_X0,83,2,0,0,0,0
84,[X0_X1_GET_req],84,3,1,0,0,0
85,REST_X1,85,3,2,0,0,0
86,REST_X1,86,3,5,0,0,0
87,[X1_X4_GET_req],87,3,6,0,0,1
88,REST_X4,88,3,6,0,0,2
89,REST_X4,89,3,6,0,0,5
90,[X4_X2_GET_req],90,3,6,1,0,6
91,REST_X2,91,3,6,2,0,6
92,REST_X2,92,3,6,4,0,6
93,[X4_X2_GET_resp_5xx],93,3,6,0,0,7
94,[X4_X2_GET_req],94,3,6,1,0,8
95,REST_X2,95,3,6,2,0,8
96,REST_X2,96,3,6,3,0,8
97,[X4_X2_GET_resp_2xx],97,3,6,0,0,3
98,[X1_X4_GET_resp_2xx],98,3,3,0,0,0
99,[X0_X1_GET_resp_2xx],99,0,0,0,0,0
100,REST_X0,100,2,0,0,0,0
101,[X0_X1_GET_req],101,3,1,0,0,0
102,REST_X1,102,3,2,0,0,0
103,REST_X1,103,3,5,0,0,0
104,[X1_X4_GET_req],104,3,6,0,0,1
105,REST_X4,105,3,6,0,0,2
106,REST_X4,106,3,6,0,0,5
107,[X4_X2_GET_req],107,3,6,1,0,6
108,REST_X2,108,3,6,2,0,6
109,REST_X2,109,3,6,3,0,6
110,[X4_X2_GET_resp_2xx],110,3,6,0,0,3
111,[X1_X4_GET_resp_2xx],111,3,3,0,0,0
112,[X0_X1_GET_resp_2xx],112,0,0,0,0,0
113,REST_X0,113,2,0,0,0,0
114,[X0_X1_GET_req],114,3,1,0,0,0
115,REST_X1,115,3,2,0,0,0
116,REST_X1,116,3,5,0,0,0
117,[X1_X4_GET_req],117,3,6,0,0,1
118,REST_X4,118,3,6,0,0,2
119,REST_X4,119,3,6,0,0,11
120,[X4_X3_GET_req],120,3,6,0,1,12
121,REST_X3,121,3,6,0,2,12
122,REST_X3,122,3,6,0,4,12
123,[X4_X3_GET_resp_5xx],123,3,6,0,0,13
124,[X4_X3_GET_req],124,3,6,0,1,14
125,REST_X3,125,3,6,0,2,14
126,REST_X3,126,3,6,0,3,14
127,[X4_X3_GET_resp_2xx],127,3,6,0,0,3
128,[X1_X4_GET_resp_2xx],128,3,3,0,0,0
129,[X0_X1_GET_resp_2xx],129,0,0,0,0,0
130,REST_X0,130,2,0,0,0,0
131,[X0_X1_GET_req],131,3,1,0,0,0
132,REST_X1,132,3,2,0,0,0
133,REST_X1,133,3,5,0,0,0
134,[X1_X4_GET_req],134,3,6,0,0,1
135,REST_X4,135,3,6,0,0,2
136,REST_X4,136,3,6,0,0,11
137,[X4_X3_GET_req],137,3,6,0,1,12
138,REST_X3,138,3,6,0,2,12
139,REST_X3,139,3,6,0,3,12
140,[X4_X3_GET_resp_2xx],140,3,6,0,0,3
141,[X1_X4_GET_resp_2xx],141,3,3,0,0,0
142,[X0_X1_GET_resp_2xx],142,0,0,0,0,0
143,REST_X0,143,2,0,0,0,0
144,[X0_X1_GET_req],144,3,1,0,0,0
145,REST_X1,145,3,2,0,0,0
146,REST_X1,146,3,5,0,0,0
147,[X1_X4_GET_req],147,3,6,0,0,1
148,REST_X4,148,3,6,0,0,2
149,REST_X4,149,3,6,0,0,5
150,[X4_X2_GET_req],150,3,6,1,0,6
151,REST_X2,151,3,6,2,0,6
152,REST_X2,152,3,6,3,0,6
153,[X4_X2_GET_resp_2xx],153,3,6,0,0,3
154,[X1_X4_GET_resp_2xx],154,3,3,0,0,0
155,[X0_X1_GET_resp_2xx],155,0,0,0,0,0
156,REST_X0,156,2,0,0,0,0
157,[X0_X1_GET_req],157,3,1,0,0,0
158,REST_X1,158,3,2,0,0,0
159,REST_X1,159,3,5,0,0,0
160,[X1_X4_GET_req],160,3,6,0,0,1
161,REST_X4,161,3,6,0,0,2
162,REST_X4,162,3,6,0,0,11
163,[X4_X3_GET_req],163,3,6,0,1,12
164,REST_X3,164,3,6,0,2,12
165,REST_X3,165,3,6,0,3,12
166,[X4_X3_GET_resp_2xx],166,3,6,0,0,3
167,[X1_X4_GET_resp_2xx],167,3,3,0,0,0
168,[X0_X1_GET_resp_2xx],168,0,0,0,0,0
169,REST_X0,169,2,0,0,0,0
170,[X0_X1_GET_req],170,3,1,0,0,0
171,REST_X1,171,3,2,0,0,0
172,REST_X1,172,3,5,0,0,0
173,[X1_X4_GET_req],173,3,6,0,0,1
174,REST_X4,174,3,6,0,0,2
175,REST_X4,175,3,6,0,0,5
176,[X4_X2_GET_req],176,3,6,1,0,6
177,REST_X2,177,3,6,2,0,6
178,REST_X2,178,3,6,3,0,6
179,[X4_X2_GET_resp_2xx],179,3,6,0,0,3
180,[X1_X4_GET_resp_2xx],180,3,3,0,0,0
181,[X0_X1_GET_resp_2xx],181,0,0,0,0,0
182,REST_X0,182,2,0,0,0,0
183,[X0_X1_GET_req],183,3,1,0,0,0
184,REST_X1,184,3,2,0,0,0
185,REST_X1,185,3,5,0,0,0
186,[X1_X4_GET_req],186,3,6,0,0,1
187,REST_X4,187,3,6,0,0,2
188,REST_X4,188,3,6,0,0,5
189,[X4_X2_GET_req],189,3,6,1,0,6
190,REST_X2,190,3,6,2,0,6
191,REST_X2,191,3,6,3,0,6
192,[X4_X2_GET_resp_2xx],192,3,6,0,0,3
193,[X1_X4_GET_resp_2xx],193,3,3,0,0,0
194,[X0_X1_GET_resp_2xx],194,0,0,0,0,0
195,REST_X0,195,2,0,0,0,0
196,[X0_X1_GET_req],196,3,1,0,0,0
197,REST_X1,197,3,2,0,0,0
198,REST_X1,198,3,5,0,0,0
199,[X1_X4_GET_req],199,3,6,0,0,1
200,REST_X4,200,3,6,0,0,2
201,REST_X4,201,3,6,0,0,11
202,[X4_X3_GET_req],202,3,6,0,1,12
203,REST_X3,203,3,6,0,2,12
204,REST_X3,204,3,6,0,3,12
205,[X4_X3_GET_resp_2xx],205,3,6,0,0,3
206,[X1_X4_GET_resp_2xx],206,3,3,0,0,0
207,[X0_X1_GET_resp_2xx],207,0,0,0,0,0
208,REST_X0,208,2,0,0,0,0
209,[X0_X1_GET_req],209,3,1,0,0,0
210,REST_X1,210,3,2,0,0,0
211,REST_X1,211,3,5,0,0,0
212,[X1_X4_GET_req],212,3,6,0,0,1
213,REST_X4,213,3,6,0,0,2
214,REST_X4,214,3,6,0,0,11
215,[X4_X3_GET_req],215,3,6,0,1,12
216,REST_X3,216,3,6,0,2,12
217,REST_X3,217,3,6,0,3,12
218,[X4_X3_GET_resp_2xx],218,3,6,0,0,3
219,[X1_X4_GET_resp_2xx],219,3,3,0,0,0
220,[X0_X1_GET_resp_2xx],220,0,0,0,0,0
221,REST_X0,221,2,0,0,0,0
222,[X0_X1_GET_req],222,3,1,0,0,0
223,REST_X1,223,3,2,0,0,0
224,REST_X1,224,3,5,0,0,0
225,[X1_X4_GET_req],225,3,6,0,0,1
226,REST_X4,226,3,6,0,0,2
227,REST_X4,227,3,6,0,0,11
228,[X4_X3_GET_req],228,3,6,0,1,12
229,REST_X3,229,3,6,0,2,12
230,REST_X3,230,3,6,0,3,12
231,[X4_X3_GET_resp_2xx],231,3,6,0,0,3
232,[X1_X4_GET_resp_2xx],232,3,3,0,0,0
233,[X0_X1_GET_resp_2xx],233,0,0,0,0,0
234,REST_X0,234,2,0,0,0,0
235,[X0_X1_GET_req],235,3,1,0,0,0
236,REST_X1,236,3,2,0,0,0
237,REST_X1,237,3,5,0,0,0
238,[X1_X4_GET_req],238,3,6,0,0,1
239,REST_X4,239,3,6,0,0,2
240,REST_X4,240,3,6,0,0,11
241,[X4_X3_GET_req],241,3,6,0,1,12
242,REST_X3,242,3,6,0,2,12
243,REST_X3,243,3,6,0,3,12
244,[X4_X3_GET_resp_2xx],244,3,6,0,0,3
245,[X1_X4_GET_resp_2xx],245,3,3,0,0,0
246,[X0_X1_GET_resp_2xx],246,0,0,0,0,0
247,REST_X0,247,2,0,0,0,0
248,[X0_X1_GET_req],248,3,1,0,0,0
249,REST_X1,249,3,2,0,0,0
250,REST_X1,250,3,5,0,0,0
251,[X1_X4_GET_req],251,3,6,0,0,1
252,REST_X4,252,3,6,0,0,2
253,REST_X4,253,3,6,0,0,5
254,[X4_X2_GET_req],254,3,6,1,0,6
255,REST_X2,255,3,6,2,0,6
256,REST_X2,256,3,6,4,0,6
257,[X4_X2_GET_resp_5xx],257,3,6,0,0,7
258,[X4_X2_GET_req],258,3,6,1,0,8
259,REST_X2,259,3,6,2,0,8
260,REST_X2,260,3,6,3,0,8
261,[X4_X2_GET_resp_2xx],261,3,6,0,0,3
262,[X1_X4_GET_resp_2xx],262,3,3,0,0,0
263,[X0_X1_GET_resp_2xx],263,0,0,0,0,0
264,REST_X0,264,2,0,0,0,0
265,[X0_X1_GET_req],265,3,1,0,0,0
266,REST_X1,266,3,2,0,0,0
267,REST_X1,267,3,5,0,0,0
268,[X1_X4_GET_req],268,3,6,0,0,1
269,REST_X4,269,3,6,0,0,2
270,REST_X4,270,3,6,0,0,5
271,[X4_X2_GET_req],271,3,6,1,0,6
272,REST_X2,272,3,6,2,0,6
273,REST_X2,273,3,6,4,0,6
274,[X4_X2_GET_resp_5xx],274,3,6,0,0,7
275,[X4_X2_GET_req],275,3,6,1,0,8
276,REST_X2,276,3,6,2,0,8
277,REST_X2,277,3,6,3,0,8
278,[X4_X2_GET_resp_2xx],278,3,6,0,0,3
279,[X1_X4_GET_resp_2xx],279,3,3,0,0,0
280,[X0_X1_GET_resp_2xx],280,0,0,0,0,0
281,REST_X0,281,2,0,0,0,0
282,[X0_X1_GET_req],282,3,1,0,0,0
283,REST_X1,283,3,2,0,0,0
284,REST_X1,284,3,5,0,0,0
285,[X1_X4_GET_req],285,3,6,0,0,1
286,REST_X4,286,3,6,0,0,2
287,REST_X4,287,3,6,0,0,5
288,[X4_X2_GET_req],288,3,6,1,0,6
289,REST_X2,289,3,6,2,0,6
290,REST_X2,290,3,6,3,0,6
291,[X4_X2_GET_resp_2xx],291,3,6,0,0,3
292,[X1_X4_GET_resp_2xx],292,3,3,0,0,0
293,[X0_X1_GET_resp_2xx],293,0,0,0,0,0
294,REST_X0,294,2,0,0,0,0
295,[X0_X1_GET_req],295,3,1,0,0,0
296,REST_X1,296,3,2,0,0,0
297,REST_X1,297,3,5,0,0,0
298,[X1_X4_GET_req],298,3,6,0,0,1
299,REST_X4,299,3,6,0,0,2
300,REST_X4,300,3,6,0,0,11
301,[X4_X3_GET_req],301,3,6,0,1,12
302,REST_X3,302,3,6,0,2,12
303,REST_X3,303,3,6,0,3,12
304,[X4_X3_GET_resp_2xx],304,3,6,0,0,3
305,[X1_X4_GET_resp_2xx],305,3,3,0,0,0
306,[X0_X1_GET_resp_2xx],306,0,0,0,0,0
307,REST_X0,307,2,0,0,0,0
308,[X0_X1_GET_req],308,3,1,0,0,0
309,REST_X1,309,3,2,0,0,0
310,REST_X1,310,3,5,0,0,0
311,[X1_X4_GET_req],311,3,6,0,0,1
312,REST_X4,312,3,6,0,0,2
313,REST_X4,313,3,6,0,0,11
314,[X4_X3_GET_req],314,3,6,0,1,12
315,REST_X3,315,3,6,0,2,12
316,REST_X3,316,3,6,0,3,12
317,[X4_X3_GET_resp_2xx],317,3,6,0,0,3
318,[X1_X4_GET_resp_2xx],318,3,3,0,0,0
319,[X0_X1_GET_resp_2xx],319,0,0,0,0,0
320,REST_X0,320,2,0,0,0,0
321,[X0_X1_GET_req],321,3,1,0,0,0
322,REST_X1,322,3,2,0,0,0
323,REST_X1,323,3,5,0,0,0
324,[X1_X4_GET_req],324,3,6,0,0,1
325,REST_X4,325,3,6,0,0,2
326,REST_X4,326,3,6,0,0,5
327,[X4_X2_GET_req],327,3,6,1,0,6
328,REST_X2,328,3,6,2,0,6
329,REST_X2,329,3,6,3,0,6
330,[X4_X2_GET_resp_2xx],330,3,6,0,0,3
331,[X1_X4_GET_resp_2xx],331,3,3,0,0,0
332,[X0_X1_GET_resp_2xx],332,0,0,0,0,0
333,REST_X0,333,2,0,0,0,0
334,[X0_X1_GET_req],334,3,1,0,0,0
335,REST_X1,335,3,2,0,0,0
336,REST_X1,336,3,5,0,0,0
337,[X1_X4_GET_req],337,3,6,0,0,1
338,REST_X4,338,3,6,0,0,2
339,REST_X4,339,3,6,0,0,5
340,[X4_X2_GET_req],340,3,6,1,0,6
341,REST_X2,341,3,6,2,0,6
342,REST_X2,342,3,6,3,0,6
343,[X4_X2_GET_resp_2xx],343,3,6,0,0,3
344,[X1_X4_GET_resp_2xx],344,3,3,0,0,0
345,[X0_X1_GET_resp_2xx],345,0,0,0,0,0
346,REST_X0,346,2,0,0,0,0
347,[X0_X1_GET_req],347,3,1,0,0,0
348,REST_X1,348,3,2,0,0,0
349,REST_X1,349,3,5,0,0,0
350,[X1_X4_GET_req],350,3,6,0,0,1
351,REST_X4,351,3,6,0,0,2
352,REST_X4,352,3,6,0,0,11
353,[X4_X3_GET_req],353,3,6,0,1,12
354,REST_X3,354,3,6,0,2,12
355,REST_X3,355,3,6,0,3,12
356,[X4_X3_GET_resp_2xx],356,3,6,0,0,3
357,[X1_X4_GET_resp_2xx],357,3,3,0,0,0
358,[X0_X1_GET_resp_2xx],358,0,0,0,0,0
359,REST_X0,359,2,0,0,0,0
360,[X0_X1_GET_req],360,3,1,0,0,0
361,REST_X1,361,3,2,0,0,0
362,REST_X1,362,3,5,0,0,0
363,[X1_X4_GET_req],363,3,6,0,0,1
364,REST_X4,364,3,6,0,0,2
365,REST_X4,365,3,6,0,0,11
366,[X4_X3_GET_req],366,3,6,0,1,12
367,REST_X3,367,3,6,0,2,12
368,REST_X3,368,3,6,0,3,12
369,[X4_X3_GET_resp_2xx],369,3,6,0,0,3
370,[X1_X4_GET_resp_2xx],370,3,3,0,0,0
371,[X0_X1_GET_resp_2xx],371,0,0,0,0,0
372,REST_X0,372,2,0,0,0,0
373,[X0_X1_GET_req],373,3,1,0,0,0
374,REST_X1,374,3,2,0,0,0
375,REST_X1,375,3,5,0,0,0
376,[X1_X4_GET_req],376,3,6,0,0,1
377,REST_X4,377,3,6,0,0,2
378,REST_X4,378,3,6,0,0,11
379,[X4_X3_GET_req],379,3,6,0,1,12
380,REST_X3,380,3,6,0,2,12
381,REST_X3,381,3,6,0,3,12
382,[X4_X3_GET_resp_2xx],382,3,6,0,0,3
383,[X1_X4_GET_resp_2xx],383,3,3,0,0,0
384,[X0_X1_GET_resp_2xx],384,0,0,0,0,0
385,REST_X0,385,2,0,0,0,0
386,[X0_X1_GET_req],386,3,1,0,0,0
387,REST_X1,387,3,2,0,0,0
388,REST_X1,388,3,5,0,0,0
389,[X1_X4_GET_req],389,3,6,0,0,1
390,REST_X4,390,3,6,0,0,2
391,REST_X4,391,3,6,0,0,11
392,[X4_X3_GET_req],392,3,6,0,1,12
393,REST_X3,393,3,6,0,2,12
394,REST_X3,394,3,6,0,3,12
395,[X4_X3_GET_resp_2xx],395,3,6,0,0,3
396,[X1_X4_GET_resp_2xx],396,3,3,0,0,0
397,[X0_X1_GET_resp_2xx],397,0,0,0,0,0
398,REST_X0,398,2,0,0,0,0
399,[X0_X1_GET_req],399,3,1,0,0,0
400,REST_X1,400,3,2,0,0,0
401,REST_X1,401,3,5,0,0,0
402,[X1_X4_GET_req],402,3,6,0,0,1
403,REST_X4,403,3,6,0,0,2
404,REST_X4,404,3,6,0,0,11
405,[X4_X3_GET_req],405,3,6,0,1,12
406,REST_X3,406,3,6,0,2,12
407,REST_X3,407,3,6,0,3,12
408,[X4_X3_GET_resp_2xx],408,3,6,0,0,3
409,[X1_X4_GET_resp_2xx],409,3,3,0,0,0
410,[X0_X1_GET_resp_2xx],410,0,0,0,0,0
411,REST_X0,411,2,0,0,0,0
412,[X0_X1_GET_req],412,3,1,0,0,0
413,REST_X1,413,3,2,0,0,0
414,REST_X1,414,3,5,0,0,0
415,[X1_X4_GET_req],415,3,6,0,0,1
416,REST_X4,416,3,6,0,0,2
417,REST_X4,417,3,6,0,0,11
418,[X4_X3_GET_req],418,3,6,0,1,12
419,REST_X3,419,3,6,0,2,12
420,REST_X3,420,3,6,0,3,12
421,[X4_X3_GET_resp_2xx],421,3,6,0,0,3
422,[X1_X4_GET_resp_2xx],422,3,3,0,0,0
423,[X0_X1_GET_resp_2xx],423,0,0,0,0,0
424,REST_X0,424,2,0,0,0,0
425,[X0_X1_GET_req],425,3,1,0,0,0
426,REST_X1,426,3,2,0,0,0
427,REST_X1,427,3,5,0,0,0
428,[X1_X4_GET_req],428,3,6,0,0,1
429,REST_X4,429,3,6,0,0,2
430,REST_X4,430,3,6,0,0,5
431,[X4_X2_GET_req],431,3,6,1,0,6
432,REST_X2,432,3,6,2,0,6
433,REST_X2,433,3,6,4,0,6
434,[X4_X2_GET_resp_5xx],434,3,6,0,0,7
435,[X4_X2_GET_req],435,3,6,1,0,8
436,REST_X2,436,3,6,2,0,8
437,REST_X2,437,3,6,3,0,8
438,[X4_X2_GET_resp_2xx],438,3,6,0,0,3
439,[X1_X4_GET_resp_2xx],439,3,3,0,0,0
440,[X0_X1_GET_resp_2xx],440,0,0,0,0,0
441,REST_X0,441,2,0,0,0,0
442,[X0_X1_GET_req],442,3,1,0,0,0
443,REST_X1,443,3,2,0,0,0
444,REST_X1,444,3,5,0,0,0
445,[X1_X4_GET_req],445,3,6,0,0,1
446,REST_X4,446,3,6,0,0,2
447,REST_X4,447,3,6,0,0,11
448,[X4_X3_GET_req],448,3,6,0,1,12
449,REST_X3,449,3,6,0,2,12
450,REST_X3,450,3,6,0,3,12
451,[X4_X3_GET_resp_2xx],451,3,6,0,0,3
452,[X1_X4_GET_resp_2xx],452,3,3,0,0,0
453,[X0_X1_GET_resp_2xx],453,0,0,0,0,0
454,REST_X0,454,2,0,0,0,0
455,[X0_X1_GET_req],455,3,1,0,0,0
456,REST_X1,456,3,2,0,0,0
457,REST_X1,457,3,5,0,0,0
458,[X1_X4_GET_req],458,3,6,0,0,1
459,REST_X4,459,3,6,0,0,2
460,REST_X4,460,3,6,0,0,5
461,[X4_X2_GET_req],461,3,6,1,0,6
462,REST_X2,462,3,6,2,0,6
463,REST_X2,463,3,6,3,0,6
464,[X4_X2_GET_resp_2xx],464,3,6,0,0,3
465,[X1_X4_GET_resp_2xx],465,3,3,0,0,0
466,[X0_X1_GET_resp_2xx],466,0,0,0,0,0
467,REST_X0,467,2,0,0,0,0
468,[X0_X1_GET_req],468,3,1,0,0,0
469,REST_X1,469,3,2,0,0,0
470,REST_X1,470,3,5,0,0,0
471,[X1_X4_GET_req],471,3,6,0,0,1
472,REST_X4,472,3,6,0,0,2
473,REST_X4,473,3,6,0,0,11
474,[X4_X3_GET_req],474,3,6,0,1,12
475,REST_X3,475,3,6,0,2,12
476,REST_X3,476,3,6,0,4,12
477,[X4_X3_GET_resp_5xx],477,3,6,0,0,13
478,[X4_X3_GET_req],478,3,6,0,1,14
479,REST_X3,479,3,6,0,2,14
480,REST_X3,480,3,6,0,3,14
481,[X4_X3_GET_resp_2xx],481,3,6,0,0,3
482,[X1_X4_GET_resp_2xx],482,3,3,0,0,0
483,[X0_X1_GET_resp_2xx],483,0,0,0,0,0
484,REST_X0,484,2,0,0,0,0
485,[X0_X1_GET_req],485,3,1,0,0,0
486,REST_X1,486,3,2,0,0,0
487,REST_X1,487,3,5,0,0,0
488,[X1_X4_GET_req],488,3,6,0,0,1
489,REST_X4,489,3,6,0,0,2
490,REST_X4,490,3,6,0,0,5
491,[X4_X2_GET_req],491,3,6,1,0,6
492,REST_X2,492,3,6,2,0,6
493,REST_X2,493,3,6,3,0,6
494,[X4_X2_GET_resp_2xx],494,3,6,0,0,3
495,[X1_X4_GET_resp_2xx],495,3,3,0,0,0
496,[X0_X1_GET_resp_2xx],496,0,0,0,0,0
497,REST_X0,497,2,0,0,0,0
498,[X0_X1_GET_req],498,3,1,0,0,0
499,REST_X1,499,3,2,0,0,0
500,REST_X1,500,3,5,0,0,0
